[{"tanggal":"5 Apr 2023","jam":"01:27:01","error":{},"user":"6281276698054@s.whatsapp.net"},{"tanggal":"5 Apr 2023","jam":"03:19:23","error":{"data":429,"isBoom":true,"isServer":true,"output":{"statusCode":500,"payload":{"statusCode":500,"error":"Internal Server Error","message":"An internal server error occurred"},"headers":{}}},"user":"6283896757956@s.whatsapp.net"},{"tanggal":"5 Apr 2023","jam":"10:16:38","error":{"data":403,"isBoom":true,"isServer":true,"output":{"statusCode":500,"payload":{"statusCode":500,"error":"Internal Server Error","message":"An internal server error occurred"},"headers":{}}},"user":"6281276698054@s.whatsapp.net"},{"tanggal":"5 Apr 2023","jam":"10:25:30","error":{"data":null,"isBoom":true,"isServer":false,"output":{"statusCode":428,"payload":{"statusCode":428,"error":"Precondition Required","message":"Connection Closed"},"headers":{}}},"user":"628989513496@s.whatsapp.net"},{"tanggal":"5 Apr 2023","jam":"10:30:24","error":{"data":403,"isBoom":true,"isServer":true,"output":{"statusCode":500,"payload":{"statusCode":500,"error":"Internal Server Error","message":"An internal server error occurred"},"headers":{}}},"user":"6281276698054@s.whatsapp.net"}]